{
    "0": {
        "precision": 0.9896049896049897,
        "recall": 0.952,
        "f1-score": 0.9704383282364933,
        "support": 500.0
    },
    "1": {
        "precision": 0.953757225433526,
        "recall": 0.99,
        "f1-score": 0.971540726202159,
        "support": 500.0
    },
    "accuracy": 0.971,
    "macro avg": {
        "precision": 0.9716811075192578,
        "recall": 0.971,
        "f1-score": 0.9709895272193262,
        "support": 1000.0
    },
    "weighted avg": {
        "precision": 0.971681107519258,
        "recall": 0.971,
        "f1-score": 0.9709895272193262,
        "support": 1000.0
    }
}